Type,Name,Request Count,Failure Count,Median Response Time,Average Response Time,Min Response Time,Max Response Time,Average Content Size,Requests/s,Failures/s,50%,66%,75%,80%,90%,95%,98%,99%,99.9%,99.99%,100%
GET,/compute,231167,9,690.0,811.520017237321,104.82745499984958,15038.966337000147,63.72769902278439,601.6055339450631,0.023422243683162255,690,870,960,1000,1200,1300,1600,1900,4000,5900,15000
GET,/io,98954,2,690.0,812.0076048526789,294.55501200027356,11957.514033999814,34.99807991592053,257.5249668248486,0.005204943040702723,690,870,960,1000,1200,1300,1600,1900,4100,6200,12000
,Aggregated,330121,11,690.0,811.6661719651051,104.82745499984958,15038.966337000147,55.115975657410466,859.1305007699118,0.028627186723864977,690,870,960,1000,1200,1300,1600,1900,4000,5900,15000
