Type,Name,Request Count,Failure Count,Median Response Time,Average Response Time,Min Response Time,Max Response Time,Average Content Size,Requests/s,Failures/s,50%,66%,75%,80%,90%,95%,98%,99%,99.9%,99.99%,100%
GET,/compute,50180,0,210.0,220.21753939705314,9.103394999783632,572.8820439999254,63.6291151853328,419.7737612174856,0.0,210,240,270,290,340,380,420,450,520,560,570
GET,/io,21784,0,210.0,219.7553088251458,14.09487499995521,582.3108079998747,34.99701615864855,182.23100068476896,0.0,210,240,270,290,340,380,420,450,530,560,580
,Aggregated,71964,0,210.0,220.07761900938036,9.103394999783632,582.3108079998747,54.96198099049525,602.0047619022546,0.0,210,240,270,290,340,380,420,450,520,560,580
