Type,Name,Request Count,Failure Count,Median Response Time,Average Response Time,Min Response Time,Max Response Time,Average Content Size,Requests/s,Failures/s,50%,66%,75%,80%,90%,95%,98%,99%,99.9%,99.99%,100%
GET,/compute,40467,0,290.0,301.1662872483092,160.78684499916562,1477.4089349994028,63.868114760174954,93.4140237157207,0.0,290,320,350,380,400,420,430,440,1300,1500,1500
GET,/io,17655,0,290.0,301.2757567450641,159.468329999072,1475.0170269999217,34.99824412347777,40.754802399511924,0.0,290,320,350,380,400,420,430,440,1300,1500,1500
,Aggregated,58122,0,290.0,301.1995394413697,159.468329999072,1477.4089349994028,55.098671759402635,134.16882611523263,0.0,290,320,350,380,400,420,430,440,1300,1500,1500
