Type,Name,Request Count,Failure Count,Median Response Time,Average Response Time,Min Response Time,Max Response Time,Average Content Size,Requests/s,Failures/s,50%,66%,75%,80%,90%,95%,98%,99%,99.9%,99.99%,100%
GET,/compute,207527,0,230.0,237.74307557580502,175.94343200016738,1353.061147000517,63.85540676634847,577.818079217403,0.0,230,230,240,250,270,290,320,350,520,1300,1400
GET,/io,88766,0,230.0,237.45350812556745,176.10971499925654,1300.7744810001896,34.99818624248023,247.15145315940575,0.0,230,230,240,250,270,290,310,340,500,1200,1300
,Aggregated,296293,0,230.0,237.65632447373483,175.94343200016738,1353.061147000517,55.210112962506706,824.9695323768087,0.0,230,230,240,250,270,290,320,350,510,1300,1400
