Type,Name,Request Count,Failure Count,Median Response Time,Average Response Time,Min Response Time,Max Response Time,Average Content Size,Requests/s,Failures/s,50%,66%,75%,80%,90%,95%,98%,99%,99.9%,99.99%,100%
GET,/compute,200176,0,230.0,244.41669101418984,178.62004700009493,1312.3045380002623,63.794370953560865,556.1000084296013,0.0,230,240,250,260,290,310,360,390,660,1100,1300
GET,/io,86113,0,230.0,244.19610444777024,180.29440099962812,1300.5861990000085,34.9982116521315,239.22668065051883,0.0,230,240,250,260,290,310,360,390,650,1100,1300
,Aggregated,286289,0,230.0,244.3503406794123,178.62004700009493,1312.3045380002623,55.13276095134637,795.3266890801201,0.0,230,240,250,260,290,310,360,390,660,1100,1300
