Type,Name,Request Count,Failure Count,Median Response Time,Average Response Time,Min Response Time,Max Response Time,Average Content Size,Requests/s,Failures/s,50%,66%,75%,80%,90%,95%,98%,99%,99.9%,99.99%,100%
GET,/compute,55698,0,220.0,222.209485188877,167.87822599962965,3058.1969670001854,63.97285360336098,147.18832389220844,0.0,220,220,220,220,230,240,260,280,1300,3000,3100
GET,/io,23892,0,220.0,222.18586403674863,171.6598189996148,3108.876807999877,34.99799095931693,63.137337685960794,0.0,220,220,220,220,230,240,270,290,1600,2900,3100
,Aggregated,79590,0,220.0,222.2023943914573,167.87822599962965,3108.876807999877,55.274934036939314,210.32566157816925,0.0,220,220,220,220,230,240,260,290,1300,3000,3100
