Type,Name,Request Count,Failure Count,Median Response Time,Average Response Time,Min Response Time,Max Response Time,Average Content Size,Requests/s,Failures/s,50%,66%,75%,80%,90%,95%,98%,99%,99.9%,99.99%,100%
GET,/compute,208185,0,230.0,237.08915205519043,177.45161099992401,898.8374410000688,63.81867569709633,579.3702465378339,0.0,230,230,240,250,270,290,310,330,530,810,900
GET,/io,89246,0,230.0,236.88949587990658,182.07721799990395,895.67720299965,34.998296842435515,248.36792767257737,0.0,230,230,240,250,270,280,310,330,530,850,900
,Aggregated,297431,0,230.0,237.02924399241388,177.45161099992401,898.8374410000688,55.17094384916165,827.7381742104112,0.0,230,230,240,250,270,290,310,330,530,830,900
