Type,Name,Request Count,Failure Count,Median Response Time,Average Response Time,Min Response Time,Max Response Time,Average Content Size,Requests/s,Failures/s,50%,66%,75%,80%,90%,95%,98%,99%,99.9%,99.99%,100%
GET,/compute,207533,0,230.0,237.5536508307449,181.01701399973535,2211.210598999969,63.80599230001975,577.5326931836066,0.0,230,230,240,250,260,280,310,330,700,1900,2200
GET,/io,88845,0,230.0,237.78048502296502,180.74244200033718,2281.9626790005714,34.99827789971298,247.24208740729202,0.0,230,230,240,250,270,280,310,330,920,1900,2300
,Aggregated,296378,0,230.0,237.62164873817494,180.74244200033718,2281.9626790005714,55.170326407493135,824.7747805908987,0.0,230,230,240,250,270,280,310,330,750,1900,2300
