Type,Name,Request Count,Failure Count,Median Response Time,Average Response Time,Min Response Time,Max Response Time,Average Content Size,Requests/s,Failures/s,50%,66%,75%,80%,90%,95%,98%,99%,99.9%,99.99%,100%
GET,/compute,38953,0,300.0,312.87857504020354,180.1472899996952,822.9870340001071,63.819577439478344,108.38275832693786,0.0,300,350,390,400,410,420,430,450,530,780,820
GET,/io,16998,0,300.0,313.67732038074644,180.66193499907968,795.4789559998972,34.9982939169314,47.2952051457215,0.0,300,350,390,400,410,420,430,450,530,760,800
,Aggregated,55951,0,300.0,313.12123510523236,180.1472899996952,822.9870340001071,55.06362710228593,155.67796347265937,0.0,300,350,390,400,410,420,430,450,530,780,820
