Type,Name,Request Count,Failure Count,Median Response Time,Average Response Time,Min Response Time,Max Response Time,Average Content Size,Requests/s,Failures/s,50%,66%,75%,80%,90%,95%,98%,99%,99.9%,99.99%,100%
GET,/compute,172532,0,250.0,282.8680765043408,182.39117600023746,17488.957710999784,63.81384902510838,479.58469952120095,0.0,250,270,290,300,340,380,440,490,2400,16000,17000
GET,/io,73594,0,250.0,285.6030251839799,183.31301599982908,17391.140708999956,34.99857325325434,204.56817504325727,0.0,250,270,290,300,340,380,440,490,2600,16000,17000
,Aggregated,246126,0,250.0,283.6858520060353,182.39117600023746,17488.957710999784,55.19780925217165,684.1528745644582,0.0,250,270,290,300,340,380,440,490,2400,16000,17000
