Type,Name,Request Count,Failure Count,Median Response Time,Average Response Time,Min Response Time,Max Response Time,Average Content Size,Requests/s,Failures/s,50%,66%,75%,80%,90%,95%,98%,99%,99.9%,99.99%,100%
GET,/compute,347963,0,500.0,514.4878149039084,186.491897000451,1868.929138000567,63.65867922738912,967.5712796615516,0.0,500,570,620,640,720,790,860,930,1700,1800,1900
GET,/io,148787,0,500.0,513.8108134954733,188.8047929996901,1869.0269759999865,34.9992136409767,413.7279767877713,0.0,500,570,620,640,720,780,860,930,1700,1800,1900
,Aggregated,496750,0,500.0,514.2850388423905,186.491897000451,1869.0269759999865,55.07457070961248,1381.299256449323,0.0,500,570,620,640,720,790,860,930,1700,1800,1900
