Type,Name,Request Count,Failure Count,Median Response Time,Average Response Time,Min Response Time,Max Response Time,Average Content Size,Requests/s,Failures/s,50%,66%,75%,80%,90%,95%,98%,99%,99.9%,99.99%,100%
GET,/compute,270630,0,650.0,644.2842000886246,185.0313930000027,4542.867349999995,63.60945201936223,753.7442769605819,0.0,650,710,750,770,850,910,1200,1500,2700,3100,4500
GET,/io,116522,0,650.0,644.7477027580165,187.18610599999863,4539.311543999986,34.999407837146634,324.53087477367967,0.0,650,710,750,770,850,910,1200,1500,2700,3100,4500
,Aggregated,387152,0,650.0,644.4237015196928,185.0313930000027,4542.867349999995,54.99862327974542,1078.2751517342615,0.0,650,710,750,770,850,910,1200,1500,2700,3100,4500
