Type,Name,Request Count,Failure Count,Median Response Time,Average Response Time,Min Response Time,Max Response Time,Average Content Size,Requests/s,Failures/s,50%,66%,75%,80%,90%,95%,98%,99%,99.9%,99.99%,100%
GET,/compute,276630,0,630.0,617.6348554116024,187.57843999992474,2362.208603999534,63.64528069985179,769.0684979821574,0.0,630,700,740,770,850,920,1000,1100,1800,2200,2400
GET,/io,118331,0,630.0,617.8297211696939,189.300051999453,2361.2702199989144,34.99912110943033,328.97604899948186,0.0,630,700,750,780,850,920,1000,1100,1800,2000,2400
,Aggregated,394961,0,630.0,617.6932375303837,187.57843999992474,2362.208603999534,55.06284164765635,1098.044546981639,0.0,630,700,740,780,850,920,1000,1100,1800,2100,2400
