Type,Name,Request Count,Failure Count,Median Response Time,Average Response Time,Min Response Time,Max Response Time,Average Content Size,Requests/s,Failures/s,50%,66%,75%,80%,90%,95%,98%,99%,99.9%,99.99%,100%
GET,/compute,352477,0,490.0,498.76865571601957,189.06747699929838,1622.993958000734,63.67334606229626,980.6105058745029,0.0,490,550,590,620,690,740,800,850,990,1200,1600
GET,/io,151621,0,490.0,499.0305734640608,192.29623400042328,1622.6785520002522,34.999241529867234,421.8180065967368,0.0,490,550,590,620,690,740,800,840,980,1100,1600
,Aggregated,504098,0,490.0,498.8474345068102,189.06747699929838,1622.993958000734,55.04883970973898,1402.4285124712396,0.0,490,550,590,620,690,740,800,850,990,1100,1600
