Type,Name,Request Count,Failure Count,Median Response Time,Average Response Time,Min Response Time,Max Response Time,Average Content Size,Requests/s,Failures/s,50%,66%,75%,80%,90%,95%,98%,99%,99.9%,99.99%,100%
GET,/compute,168849,0,260.0,289.6452936380051,181.9184559999485,17482.9058119999,63.80265799619779,469.1458047399831,0.0,260,280,300,310,350,390,460,530,2600,17000,17000
GET,/io,72251,0,260.0,286.9987306907574,184.53960499982713,17477.403589000005,34.99876818313933,200.74891493742052,0.0,260,280,300,310,350,390,460,530,2600,16000,17000
,Aggregated,241100,0,260.0,288.85219193953645,181.9184559999485,17482.9058119999,55.170929075072586,669.8947196774036,0.0,260,280,300,310,350,390,460,530,2600,17000,17000
