Type,Name,Request Count,Failure Count,Median Response Time,Average Response Time,Min Response Time,Max Response Time,Average Content Size,Requests/s,Failures/s,50%,66%,75%,80%,90%,95%,98%,99%,99.9%,99.99%,100%
GET,/compute,38505,0,310.0,318.17558070899605,180.26364599973022,742.5919809993502,63.814335800545386,107.15542380722407,0.0,310,360,390,400,410,420,430,440,530,720,740
GET,/io,16506,0,310.0,318.541411522901,182.7423840004485,734.6302499990998,34.99836423118866,45.93448708900248,0.0,310,360,390,400,410,420,430,440,540,720,730
,Aggregated,55011,0,310.0,318.2853479085441,180.26364599973022,742.5919809993502,55.168130010361565,153.08991089622654,0.0,310,360,390,400,410,420,430,440,530,720,740
