Type,Name,Request Count,Failure Count,Median Response Time,Average Response Time,Min Response Time,Max Response Time,Average Content Size,Requests/s,Failures/s,50%,66%,75%,80%,90%,95%,98%,99%,99.9%,99.99%,100%
GET,/compute,242224,7,670.0,744.4405125333608,137.94644699999026,5780.62614199996,63.57608659752956,674.1534652709313,0.0194822736677477,670,750,810,850,980,1300,2100,2800,4800,5700,5800
GET,/io,103278,2,670.0,744.8041700105492,164.36677199999394,5776.172656999961,34.99855729196925,287.44146569394957,0.005566363905070771,670,750,810,850,980,1300,2100,2800,4800,5700,5800
,Aggregated,345502,9,670.0,744.5492175970815,137.94644699999026,5780.62614199996,55.03364669379627,961.5949309648809,0.025048637572818472,670,750,810,850,980,1300,2100,2800,4800,5700,5800
