Type,Name,Request Count,Failure Count,Median Response Time,Average Response Time,Min Response Time,Max Response Time,Average Content Size,Requests/s,Failures/s,50%,66%,75%,80%,90%,95%,98%,99%,99.9%,99.99%,100%
GET,/compute,41709,0,280.0,295.190798988493,179.5581249989482,666.1064899999474,63.89760003836103,115.99039289426716,0.0,280,310,340,370,400,410,430,430,480,510,670
GET,/io,17645,0,280.0,295.2037789700049,183.2151430007798,1303.6534959992423,34.998243128364976,49.06975671004685,0.0,280,310,340,370,400,410,430,430,480,510,1300
,Aggregated,59354,0,280.0,295.1946577305141,179.5581249989482,1303.6534959992423,55.30628095831789,165.060149604314,0.0,280,310,340,370,400,410,430,430,480,510,1300
