Type,Name,Request Count,Failure Count,Median Response Time,Average Response Time,Min Response Time,Max Response Time,Average Content Size,Requests/s,Failures/s,50%,66%,75%,80%,90%,95%,98%,99%,99.9%,99.99%,100%
GET,/compute,330430,0,490.0,525.4692438631071,189.3144770001527,6225.6839219999165,63.67777441515601,919.9184704354298,0.0,490,560,610,640,730,800,890,1100,3200,4400,6200
GET,/io,142685,0,490.0,524.9548001730246,190.683116999935,5820.246029000373,34.99909591057224,397.23562313978545,0.0,490,560,610,640,730,800,890,1100,3200,4400,5800
,Aggregated,473115,0,490.0,525.3140946965833,189.3144770001527,6225.6839219999165,55.02867801697262,1317.1540935752153,0.0,490,560,610,640,730,800,890,1100,3200,4400,6200
