Type,Name,Request Count,Failure Count,Median Response Time,Average Response Time,Min Response Time,Max Response Time,Average Content Size,Requests/s,Failures/s,50%,66%,75%,80%,90%,95%,98%,99%,99.9%,99.99%,100%
GET,/compute,208487,0,230.0,236.71039144574192,175.2767800003312,1180.0647479999498,63.81805100557828,579.7649494617444,0.0,230,230,240,240,260,280,310,330,570,1100,1200
GET,/io,89497,0,230.0,236.58697394676997,181.68358200000512,1175.8389030001126,34.99855861090316,248.87510339722738,0.0,230,230,240,240,260,280,310,330,580,1100,1200
,Aggregated,297984,0,230.0,236.6733240330458,175.2767800003312,1180.0647479999498,55.162357710481096,828.6400528589719,0.0,230,230,240,240,260,280,310,330,570,1100,1200
