Type,Name,Request Count,Failure Count,Median Response Time,Average Response Time,Min Response Time,Max Response Time,Average Content Size,Requests/s,Failures/s,50%,66%,75%,80%,90%,95%,98%,99%,99.9%,99.99%,100%
GET,/compute,213265,0,220.0,231.2574995597006,164.14413700113073,1850.8802020005533,63.76515602653975,235.24018504139238,0.0,220,230,240,240,260,280,320,370,520,810,1900
GET,/io,90911,0,220.0,231.1976694445463,165.3023500002746,1859.831790001408,34.99869102748842,100.27862266334384,0.0,220,230,240,240,260,280,320,360,540,1700,1900
,Aggregated,304176,0,220.0,231.23961775575273,164.14413700113073,1859.831790001408,55.167541160380836,335.5188077047362,0.0,220,230,240,240,260,280,320,370,530,1600,1900
