Type,Name,Request Count,Failure Count,Median Response Time,Average Response Time,Min Response Time,Max Response Time,Average Content Size,Requests/s,Failures/s,50%,66%,75%,80%,90%,95%,98%,99%,99.9%,99.99%,100%
GET,/compute,38177,0,310.0,321.7172970699206,180.34011100098724,633.7878630001796,63.79204756790738,106.2419425718156,0.0,310,370,390,400,410,420,440,450,520,540,630
GET,/io,16140,0,310.0,322.42148850402265,178.91066999982286,539.8045259989885,34.997769516728624,44.915654795010184,0.0,310,370,390,400,420,430,440,460,530,540,540
,Aggregated,54317,0,310.0,321.9265437099478,178.91066999982286,633.7878630001796,55.23598505072077,151.15759736682577,0.0,310,370,390,400,410,430,440,460,520,540,630
