Type,Name,Request Count,Failure Count,Median Response Time,Average Response Time,Min Response Time,Max Response Time,Average Content Size,Requests/s,Failures/s,50%,66%,75%,80%,90%,95%,98%,99%,99.9%,99.99%,100%
GET,/compute,257006,0,690.0,667.9388768516495,199.3954350000422,1767.4306990011246,63.64425344155389,715.7106154161895,0.0,690,770,810,830,890,950,1000,1100,1600,1700,1800
GET,/io,110723,0,700.0,668.8106694607457,194.15768399994704,1767.3500930013688,34.99928650777164,308.34154249599914,0.0,700,770,810,830,900,950,1000,1100,1600,1700,1800
,Aggregated,367729,0,690.0,668.2013731275863,194.15768399994704,1767.4306990011246,55.01926962518594,1024.0521579121887,0.0,690,770,810,830,900,950,1000,1100,1600,1700,1800
