Type,Name,Request Count,Failure Count,Median Response Time,Average Response Time,Min Response Time,Max Response Time,Average Content Size,Requests/s,Failures/s,50%,66%,75%,80%,90%,95%,98%,99%,99.9%,99.99%,100%
GET,/compute,364231,0,480.0,491.4814910737667,185.1163829996949,2352.8418879996025,63.67565638289987,1012.056173557203,0.0,480,540,590,610,680,740,810,880,1400,1500,2400
GET,/io,155917,0,480.0,490.8594287093468,184.53825899996446,1577.0904319997499,34.999159809385766,433.23265293870764,0.0,480,540,590,610,680,740,810,870,1400,1600,1600
,Aggregated,520148,0,480.0,491.295024726357,184.53825899996446,2352.8418879996025,55.079731153440946,1445.2888264959106,0.0,480,540,590,610,680,740,810,880,1400,1500,2400
