Type,Name,Request Count,Failure Count,Median Response Time,Average Response Time,Min Response Time,Max Response Time,Average Content Size,Requests/s,Failures/s,50%,66%,75%,80%,90%,95%,98%,99%,99.9%,99.99%,100%
GET,/compute,37224,0,320.0,329.0062252085232,177.66514800041477,643.4012839999923,63.777186761229316,103.503343048703,0.0,320,380,400,400,420,430,440,490,530,640,640
GET,/io,16061,0,320.0,328.34342939835864,181.90783000045485,637.500853000347,34.998505697030076,44.65847820506176,0.0,320,380,400,400,420,430,450,490,530,640,640
,Aggregated,53285,0,320.0,328.8064473440783,177.66514800041477,643.4012839999923,55.1028056676363,148.16182125376477,0.0,320,380,400,400,420,430,440,490,530,640,640
