Type,Name,Request Count,Failure Count,Median Response Time,Average Response Time,Min Response Time,Max Response Time,Average Content Size,Requests/s,Failures/s,50%,66%,75%,80%,90%,95%,98%,99%,99.9%,99.99%,100%
GET,/compute,40067,0,290.0,305.55416032460954,179.72649199873558,3016.268080998998,63.84827913245314,111.44411668608727,0.0,290,320,340,370,400,420,430,450,2800,3000,3000
GET,/io,17269,0,290.0,304.2021517111052,180.88550500033307,3015.19692599868,34.99837859748683,48.03275640931542,0.0,290,320,350,370,400,420,430,440,2100,3000,3000
,Aggregated,57336,0,290.0,305.14694955394975,179.72649199873558,3016.268080998998,55.15899260499511,159.47687309540268,0.0,290,320,340,370,400,420,430,440,2800,3000,3000
