Type,Name,Request Count,Failure Count,Median Response Time,Average Response Time,Min Response Time,Max Response Time,Average Content Size,Requests/s,Failures/s,50%,66%,75%,80%,90%,95%,98%,99%,99.9%,99.99%,100%
GET,/compute,260901,0,680.0,656.2733670715102,187.41823000164004,2406.6262929991353,63.614095001552315,725.1704083354156,0.0,680,750,790,820,890,950,1000,1100,1900,2000,2400
GET,/io,112091,0,680.0,656.5913186302879,181.61209899881214,2400.5123090009874,34.99925953020314,311.55524984850604,0.0,680,750,790,820,890,950,1000,1100,1800,2000,2400
,Aggregated,372992,0,680.0,656.3689174001275,181.61209899881214,2406.6262929991353,55.01480728809197,1036.7256581839217,0.0,680,750,790,820,890,950,1000,1100,1900,2000,2400
