Type,Name,Request Count,Failure Count,Median Response Time,Average Response Time,Min Response Time,Max Response Time,Average Content Size,Requests/s,Failures/s,50%,66%,75%,80%,90%,95%,98%,99%,99.9%,99.99%,100%
GET,/compute,2855,0,250.0,276.28480249421665,190.45529100003478,1357.8581020001366,63.68056042031524,570.1623543673487,0.0,250,270,280,290,370,440,530,540,1400,1400,1400
GET,/io,1248,0,250.0,276.6165853493776,197.563552000247,1357.4219039992386,35.0,249.2338417689847,0.0,250,270,280,290,370,460,530,540,1400,1400,1400
,Aggregated,4103,0,250.0,276.3857201162594,190.45529100003478,1357.8581020001366,54.95686083353644,819.3961961363334,0.0,250,270,280,290,370,440,530,540,1400,1400,1400
