Type,Name,Request Count,Failure Count,Median Response Time,Average Response Time,Min Response Time,Max Response Time,Average Content Size,Requests/s,Failures/s,50%,66%,75%,80%,90%,95%,98%,99%,99.9%,99.99%,100%
GET,/compute,16510,7779,96,97.14827520048769,82.85213400085922,652.2015809987352,79.47686250757117,131.30166906613556,61.865274601179195,96,99,100,100,110,110,110,120,210,570,650
GET,/io,7037,3335,96,96.8894686006861,83.198796999568,368.46149300072284,79.38254938183886,55.96425470735287,26.522778094219387,96,99,100,100,110,110,110,120,180,370,370
,Aggregated,23547,11114,96,97.07093107839881,82.85213400085922,652.2015809987352,79.44867711385739,187.26592377348842,88.38805269539859,96,99,100,100,110,110,110,120,190,380,650
