Type,Name,Request Count,Failure Count,Median Response Time,Average Response Time,Min Response Time,Max Response Time,Average Content Size,Requests/s,Failures/s,50%,66%,75%,80%,90%,95%,98%,99%,99.9%,99.99%,100%
GET,/compute,124622,124622,59,59.74466753705585,0.8368169999357633,170.09865299996818,0.0,1007.6183441492483,1007.6183441492483,59,68,73,76,85,96,110,120,140,170,170
GET,/io,53651,53651,59,59.744042577584935,1.1940539998249733,173.9444300001196,0.0,433.7896341091567,433.7896341091567,59,68,73,76,85,96,110,120,140,170,170
,Aggregated,178273,178273,59,59.74447945641278,0.8368169999357633,173.9444300001196,0.0,1441.407978258405,1441.407978258405,59,68,73,76,85,96,110,120,140,170,170
